1,4,7,7,cotch,gauze,,cotch,botch,bouch,bough,bouge,bauge,gauge,gauze
2,13,3,3,dif,abt,,dif,dit,ait,abt
3,8,1,1,n,m,,n,m
4,5,4,4,posy,hern,,posy,pory,porn,pern,hern
5,0,1,1,q,j,,q,j
6,0,6,6,cixo,yaud,,cixo,cipo,capo,caro,card,yard,yaud
7,4,8,5,yamel,lanaz,,yamel,camel,canel,canal,banal,manal,manas,lanas,lanaz
